Title,Date
"Jurassic Park III","10/11/18"
"Miss Fisher's Murder Mysteries: Series 1: The Green Mill Murder","9/19/18"
"Miss Fisher's Murder Mysteries: Series 1: Murder On The Ballarat Train","9/19/18"
"Miss Fisher's Murder Mysteries: Series 1: Cocaine Blues","9/19/18"
"Supernatural: Season 13: Advanced Thanatology","9/12/18"
"Supernatural: Season 13: The Big Empty","9/12/18"
"Supernatural: Season 13: Patience","9/12/18"
"The Spectacular Now","7/21/18"
"The Office (U.S.): Season 9: Finale","7/21/18"
"The Office (U.S.): Season 9: A.A.R.M","7/21/18"
"The Office (U.S.): Season 9: Livin' the Dream","7/21/18"
"The Office (U.S.): Season 9: Paper Airplane","7/21/18"
"The Office (U.S.): Season 9: Stairmageddon","7/20/18"
"The Office (U.S.): Season 9: Promos","7/20/18"
"The Office (U.S.): Season 9: The Farm","7/20/18"
"The Office (U.S.): Season 9: Moving On","7/13/18"
"The Office (U.S.): Season 9: Couple's Discount","7/13/18"
"The Office (U.S.): Season 9: Vandalism","7/13/18"
"The Office (U.S.): Season 9: Junior Salesman","7/13/18"
"The Office (U.S.): Season 9: Customer Loyalty","7/13/18"
"The Office (U.S.): Season 9: Suit Warehouse","7/13/18"
"The Office (U.S.): Season 9: Lice","7/13/18"
"The Office (U.S.): Season 9: Dwight Christmas","7/13/18"
"New Girl: Season 2: Bachelorette Party","7/13/18"
"New Girl: Season 2: Parents","7/13/18"
"New Girl: Season 2: Halloween","7/13/18"
"The Office (U.S.): Season 9: The Target","7/13/18"
"The Office (U.S.): Season 9: The Whale","7/13/18"
"The Office (U.S.): Season 9: The Boat","7/13/18"
"The Office (U.S.): Season 9: Here Comes Treble","7/12/18"
"The Office (U.S.): Season 9: Work Bus","7/12/18"
"The Office (U.S.): Season 9: Andy's Ancestry","7/12/18"
"The Office (U.S.): Season 9: Roy's Wedding","7/12/18"
"The Office (U.S.): Season 9: New Guys","7/12/18"
"The Office (U.S.): Season 8: Free Family Portrait Studio","7/12/18"
"New Girl: Season 4: Walk of Shame","7/12/18"
"New Girl: Season 4: Background Check","7/12/18"
"New Girl: Season 4: Micro","7/12/18"
"New Girl: Season 4: Dice","7/12/18"
"New Girl: Season 3: Nerd","7/12/18"
"Set It Up","6/30/18"
"Miss Fisher's Murder Mysteries: Series 2: Murder Under the Mistletoe","6/29/18"
"Miss Fisher's Murder Mysteries: Series 2: Unnatural Habits","6/29/18"
"Miss Fisher's Murder Mysteries: Series 2: Dead Air","6/29/18"
"Miss Fisher's Murder Mysteries: Series 2: Death on the Vine","6/29/18"
"Miss Fisher's Murder Mysteries: Series 3: Blood & Money","6/25/18"
"Miss Fisher's Murder Mysteries: Series 3: Murder & Mozzarella","6/25/18"
"Miss Fisher's Murder Mysteries: Series 3: Murder & the Maiden","6/25/18"
"Miss Fisher's Murder Mysteries: Series 3: Death Defying Feats","6/24/18"
"Broadchurch: Season 3: Episode 1","6/22/18"
"Broadchurch: Season 2: Episode 8","6/22/18"
"Broadchurch: Season 2: Episode 7","6/22/18"
"Broadchurch: Season 2: Episode 6","6/21/18"
"Broadchurch: Season 2: Episode 5","6/21/18"
"Broadchurch: Season 2: Episode 4","6/21/18"
"Broadchurch: Season 2: Episode 3","6/21/18"
"Criminal Minds: Season 1: Charm and Harm","6/21/18"
"Criminal Minds: Season 1: Machismo","6/21/18"
"Miss Fisher's Murder Mysteries: Series 2: Framed for Murder","6/21/18"
"Miss Fisher's Murder Mysteries: Series 2: The Blood of Juana the Mad","6/20/18"
"Broadchurch: Season 2: Episode 2","6/20/18"
"Broadchurch: Season 2: Episode 1","6/20/18"
"Broadchurch: Season 1: Episode 8","6/19/18"
"Broadchurch: Season 1: Episode 7","6/19/18"
"Broadchurch: Season 1: Episode 6","6/19/18"
"Broadchurch: Season 1: Episode 5","6/19/18"
"Broadchurch: Season 1: Episode 4","6/19/18"
"Broadchurch: Season 1: Episode 3","6/16/18"
"Broadchurch: Season 1: Episode 2","6/16/18"
"Miss Fisher's Murder Mysteries: Series 2: Blood at the Wheel","6/16/18"
"Miss Fisher's Murder Mysteries: Series 2: Marked for Murder","6/16/18"
"Miss Fisher's Murder Mysteries: Series 2: Murder a la Mode","6/15/18"
"Broadchurch: Season 1: Episode 1","6/15/18"
"Miss Fisher's Murder Mysteries: Series 2: Deadweight","6/15/18"
"New Girl: Season 2: Bathtub","6/15/18"
"New Girl: Season 2: Eggs","6/15/18"
"New Girl: Season 2: Menzies","6/15/18"
"New Girl: Season 3: Sister II","6/15/18"
"New Girl: Season 3: Sister","6/15/18"
"New Girl: Season 3: Exes","6/15/18"
"New Girl: Season 3: Prince","6/15/18"
"New Girl: Season 3: Birthday","6/15/18"
"New Girl: Season 3: Basketsball","6/15/18"
"New Girl: Season 3: Clavado En Un Bar","6/15/18"
"New Girl: Season 3: Thanksgiving III","6/14/18"
"New Girl: Season 3: Longest Night Ever","6/14/18"
"New Girl: Season 3: Menus","6/14/18"
"New Girl: Season 3: Coach","6/14/18"
"New Girl: Season 3: Keaton","6/14/18"
"New Girl: Season 3: The Box","6/14/18"
"New Girl: Season 4: Clean Break","6/14/18"
"Miss Fisher's Murder Mysteries: Series 2: Dead Man's Chest","6/14/18"
"Miss Fisher's Murder Mysteries: Series 2: Death Comes Knocking","6/13/18"
"Miss Fisher's Murder Mysteries: Series 2: Murder Most Scandalous","6/13/18"
"Criminal Minds: Season 1: Somebody's Watching","6/13/18"
"Criminal Minds: Season 1: A REal Rain","6/13/18"
"Criminal Minds: Season 1: The Tribe","6/13/18"
"Unbreakable Kimmy Schmidt: Season 4: Kimmy Meets an Old Friend!","6/13/18"
"Unbreakable Kimmy Schmidt: Season 4: Kimmy and the Beest!","6/13/18"
"Unbreakable Kimmy Schmidt: Season 4: Kimmy Disrupts the Paradigm!","6/13/18"
"Unbreakable Kimmy Schmidt: Season 4: Party Monster: Scratching the Surface","6/12/18"
"Miss Fisher's Murder Mysteries: Series 1: King Memses' Curse","6/12/18"
"Miss Fisher's Murder Mysteries: Series 1: Murder in the Dark","6/12/18"
"Miss Fisher's Murder Mysteries: Series 1: Blood and Circuses","6/12/18"
"Miss Fisher's Murder Mysteries: Series 1: Death by Miss Adventure","6/11/18"
"Unbreakable Kimmy Schmidt: Season 4: Kimmy Has a Weekend!","6/11/18"
"Unbreakable Kimmy Schmidt: Season 4: Kimmy Is... Little Girl, Big City!","6/11/18"
"Miss Fisher's Murder Mysteries: Series 1: Queen of the Flowers","6/11/18"
"Unbreakable Kimmy Schmidt: Season 3: Kimmy Bites an Onion!","6/11/18"
"Unbreakable Kimmy Schmidt: Season 3: Kimmy and the Trolley Problem!","6/11/18"
"Unbreakable Kimmy Schmidt: Season 3: Kimmy Googles the Internet!","6/11/18"
"Unbreakable Kimmy Schmidt: Season 3: Kimmy Pulls Off a Heist!","6/11/18"
"Unbreakable Kimmy Schmidt: Season 3: Kimmy Goes to Church!","6/11/18"
"Unbreakable Kimmy Schmidt: Season 3: Kimmy Does a Puzzle!","6/11/18"
"Unbreakable Kimmy Schmidt: Season 3: Kimmy Learns About the Weather!","6/11/18"
"Unbreakable Kimmy Schmidt: Season 3: Kimmy Is a Feminist!","6/11/18"
"Miss Fisher's Murder Mysteries: Series 1: Away with the Fairies","6/11/18"
"Unbreakable Kimmy Schmidt: Season 3: Kimmy Steps on a Crack!","6/11/18"
"Unbreakable Kimmy Schmidt: Season 3: Kimmy Goes to College!","6/11/18"
"Unbreakable Kimmy Schmidt: Season 3: Kimmy Can't Help You!","6/11/18"
"Unbreakable Kimmy Schmidt: Season 3: Kimmy's Roommate Lemonades!","6/11/18"
"Unbreakable Kimmy Schmidt: Season 3: Kimmy Gets Divorced?!","6/11/18"
"Unbreakable Kimmy Schmidt: Season 2: Kimmy Finds Her Mom!","6/11/18"
"Unbreakable Kimmy Schmidt: Season 2: Kimmy Sees a Sunset!","6/8/18"
"Unbreakable Kimmy Schmidt: Season 2: Kimmy Meets a Celebrity!","6/8/18"
"Unbreakable Kimmy Schmidt: Season 2: Kimmy Goes to Her Happy Place!","6/8/18"
"Unbreakable Kimmy Schmidt: Season 2: Kimmy Meets a Drunk Lady!","6/7/18"
"Unbreakable Kimmy Schmidt: Season 2: Kimmy Goes to a Hotel!","6/7/18"
"Unbreakable Kimmy Schmidt: Season 1: Kimmy Gets a Job!","6/7/18"
"Unbreakable Kimmy Schmidt: Season 1: Kimmy Goes Outside!","6/7/18"
"Miss Fisher's Murder Mysteries: Series 1: Murder in Montparnasse","6/7/18"
"Miss Fisher's Murder Mysteries: Series 1: Ruddy Gore","6/6/18"
"Unbreakable Kimmy Schmidt: Season 2: Kimmy Walks Into a Bar!","6/6/18"
"Unbreakable Kimmy Schmidt: Season 2: Kimmy Drives a Car!","6/6/18"
"Miss Fisher's Murder Mysteries: Series 1: Raisins and Almonds","6/6/18"
"Unbreakable Kimmy Schmidt: Season 2: Kimmy Gives Up!","6/6/18"
"Unbreakable Kimmy Schmidt: Season 2: Kimmy Kidnaps Gretchen!","6/6/18"
"Unbreakable Kimmy Schmidt: Season 2: Kimmy Goes to a Play!","6/5/18"
"Miss Fisher's Murder Mysteries: Series 1: Death at Victoria Dock","6/5/18"
"Unbreakable Kimmy Schmidt: Season 2: Kimmy Goes on a Playdate!","6/5/18"
"Unbreakable Kimmy Schmidt: Season 2: Kimmy Goes Roller Skating!","6/4/18"
"Unbreakable Kimmy Schmidt: Season 1: Kimmy Makes Waffles!","6/4/18"
"Unbreakable Kimmy Schmidt: Season 1: Kimmy Goes to Court!","6/4/18"
"Unbreakable Kimmy Schmidt: Season 1: Kimmy Rides a Bike!","6/4/18"
"Unbreakable Kimmy Schmidt: Season 1: Kimmy's in a Love Triangle!","6/4/18"
"Unbreakable Kimmy Schmidt: Season 1: Kimmy Has a Birthday!","6/4/18"
"Unbreakable Kimmy Schmidt: Season 1: Kimmy is Bad at Math!","6/4/18"
"Unbreakable Kimmy Schmidt: Season 1: Kimmy Goes to a Party!","6/4/18"
"Unbreakable Kimmy Schmidt: Season 1: Kimmy Goes to School!","6/4/18"
"Unbreakable Kimmy Schmidt: Season 1: Kimmy Kisses a Boy!","6/4/18"
"Unbreakable Kimmy Schmidt: Season 1: Kimmy Goes to the Doctor!","6/4/18"
"Unbreakable Kimmy Schmidt: Season 1: Kimmy Goes on a Date!","6/4/18"
"Arrested Development: Season 5: Premature Independence","6/4/18"
"Arrow: Season 6: Life Sentence","6/3/18"
"Arrow: Season 6: The Ties That Bind","6/3/18"
"Arrow: Season 6: Docket No. 11-19-41-73","6/3/18"
"Arrow: Season 6: Shifting Allegiances","6/3/18"
"Arrow: Season 6: The Dragon","6/3/18"
"Arrow: Season 6: Fundamentals","6/1/18"
"The Office (U.S.): Season 8: Turf War","6/1/18"
"The Office (U.S.): Season 8: Fundraiser","6/1/18"
"Arrow: Season 6: Brothers in Arms","6/1/18"
"Arrow: Season 6: The Thanatos Guild","5/31/18"
"Arrow: Season 6: Doppelg√§nger","5/31/18"
"Arrow: Season 6: Collision Course","5/31/18"
"Arrow: Season 6: The Devil's Greatest Trick","5/31/18"
"Arrow: Season 6: All for Nothing","5/30/18"
"Arrow: Season 6: We Fall","5/30/18"
"Arrow: Season 6: Divided","5/30/18"
"Arrow: Season 6: Irreconcilable Differences","5/29/18"
"Arrow: Season 6: Crisis on Earth-X, Part 2","5/29/18"
"Arrow: Season 6: Thanksgiving","5/29/18"
"Arrow: Season 6: Promises Kept","5/29/18"
"Arrow: Season 6: Reversal","5/29/18"
"Arrow: Season 6: Next of Kin","5/28/18"
"The Office (U.S.): Season 8: Angry Andy","5/22/18"
"The Office (U.S.): Season 8: Welcome Party","5/22/18"
"The Office (U.S.): Season 8: Get the Girl","5/21/18"
"The Office (U.S.): Season 8: Last Day in Florida","5/21/18"
"The Office (U.S.): Season 8: Test the Store","5/21/18"
"The Office (U.S.): Season 8: After Hours","5/21/18"
"The Office (U.S.): Season 8: Tallahassee","5/21/18"
"The Office (U.S.): Season 8: Special Project","5/21/18"
"The Office (U.S.): Season 8: Jury Duty","5/21/18"
"The Office (U.S.): Season 8: Pool Party","5/21/18"
"The Office (U.S.): Season 8: Trivia","5/21/18"
"The Office (U.S.): Season 7: Sex Ed","5/21/18"
"The Office (U.S.): Season 7: Andy's Play","5/18/18"
"The Office (U.S.): Season 7: Counseling","5/18/18"
"The Office (U.S.): Season 7: Nepotism","5/18/18"
"The Office (U.S.): Season 6: Whistleblower","5/18/18"
"The Office (U.S.): Season 6: The Chump","5/18/18"
"The Office (U.S.): Season 6: The Cover-Up","5/17/18"
"The Office (U.S.): Season 6: Body Language","5/17/18"
"The Office (U.S.): Season 6: Secretary's Day","5/17/18"
"The Office (U.S.): Season 6: Happy Hour","5/17/18"
"The Office (U.S.): Season 6: New Leads","5/17/18"
"The Office (U.S.): Season 6: St. Patrick's Day","5/17/18"
"The Office (U.S.): Season 6: Delivery: Part 2","5/17/18"
"The Office (U.S.): Season 6: Delivery: Part 1","5/17/18"
"The Office (U.S.): Season 6: Manager and the Salesman","5/17/18"
"The Office (U.S.): Season 6: Sabre","5/17/18"
"The Office (U.S.): Season 6: The Banker","5/17/18"
"The Office (U.S.): Season 6: Secret Santa","5/16/18"
"The Office (U.S.): Season 6: Scott's Tots","5/15/18"
"The Office (U.S.): Season 6: Shareholder Meeting","5/15/18"
"The Office (U.S.): Season 6: Murder","5/15/18"
"The Office (U.S.): Season 6: Double Date","5/15/18"
"The Office (U.S.): Season 6: Koi Pond","5/15/18"
"The Office (U.S.): Season 6: The Lover","5/15/18"
"The Office (U.S.): Season 6: Mafia","5/15/18"
"The Office (U.S.): Season 6: Niagara: Part 2","5/14/18"
"The Office (U.S.): Season 6: Niagara: Part 1","5/14/18"
"The Office (U.S.): Season 6: The Promotion","5/14/18"
"The Office (U.S.): Season 6: The Meeting","5/14/18"
"The Office (U.S.): Season 6: Gossip","5/14/18"
"The Kissing Booth","5/13/18"
"The Office (U.S.): Season 5: Company Picnic","5/11/18"
"The Office (U.S.): Season 7: Threat Level Midnight","5/11/18"
"The Office (U.S.): Season 5: Lecture Circuit: Part 1","5/11/18"
"The Office (U.S.): Season 5: Stress Relief: Part 2","5/10/18"
"The Office (U.S.): Season 5: Stress Relief: Part 1","5/10/18"
"The Office (U.S.): Season 5: Prince Family Paper","5/10/18"
"Bring It On","5/9/18"
"Arrested Development: Season 4 Remix: Fateful Consequences: Cinco de Cuatro III","5/9/18"
"Santa Clarita Diet: Season 2: Halibut!","5/9/18"
"Arrested Development: Season 1: Pilot","5/9/18"
"The Office (U.S.): Season 5: The Duel","5/9/18"
"John Mulaney: Kid Gorgeous at Radio City","5/9/18"
"New Girl: Season 4: Panty Gate","5/8/18"
"New Girl: Season 4: Par 5","5/8/18"
"New Girl: Season 4: The Right Thing","5/8/18"
"New Girl: Season 4: Spiderhunt","5/8/18"
"New Girl: Season 4: Oregon","5/8/18"
"New Girl: Season 4: The Crawl","5/8/18"
"The Office (U.S.): Season 5: The Surplus","5/7/18"
"The Office (U.S.): Season 5: Frame Toby","5/7/18"
"The Office (U.S.): Season 5: Business Trip","5/7/18"
"The Office (U.S.): Season 7: China","5/7/18"
"The Office (U.S.): Season 7: WUPHF.com","5/7/18"
"The Office (U.S.): Season 7: Viewing Party","5/7/18"
"The Office (U.S.): Season 7: Christening","5/7/18"
"The Office (U.S.): Season 7: Costume Contest","5/7/18"
"The Office (U.S.): Season 3: The Job","5/7/18"
"The Office (U.S.): Season 3: Beach Games","5/6/18"
"The Office (U.S.): Season 3: Women's Appreciation","5/6/18"
"The Office (U.S.): Season 3: Product Recall","5/4/18"
"The Office (U.S.): Season 3: Safety Training","5/4/18"
"The Office (U.S.): Season 3: The Negotiation","5/4/18"
"The Office (U.S.): Season 3: Cocktails","5/4/18"
"The Office (U.S.): Season 3: Business School","5/4/18"
"The Office (U.S.): Season 3: Phyllis's Wedding","5/4/18"
"The Office (U.S.): Season 3: Ben Franklin","5/4/18"
"The Office (U.S.): Season 3: The Return","5/4/18"
"The Office (U.S.): Season 3: Traveling Salesmen","5/3/18"
"The Office (U.S.): Season 3: Back from Vacation","5/3/18"
"The Office (U.S.): Season 3: A Benihana Christmas","5/3/18"
"The Office (U.S.): Season 3: The Convict","5/3/18"
"The Office (U.S.): Season 3: The Merger","5/3/18"
"The Office (U.S.): Season 3: Branch Closing","5/3/18"
"The Office (U.S.): Season 3: Diwali","5/3/18"
"The Office (U.S.): Season 3: Initiation","5/2/18"
"The Office (U.S.): Season 3: Grief Counseling","5/2/18"
"The Office (U.S.): Season 3: The Coup","5/2/18"
"Jane The Virgin: Season 4: Chapter Eighty-One","5/2/18"
"Jane The Virgin: Season 4: Chapter Eighty","5/2/18"
"Jane The Virgin: Season 4: Chapter Seventy-Nine","5/2/18"
"Jane The Virgin: Season 4: Chapter Seventy-Eight","5/2/18"
"Jane The Virgin: Season 4: Chapter Seventy-Seven","5/2/18"
"Jane The Virgin: Season 4: Chapter Seventy-Six","5/2/18"
"Jane The Virgin: Season 4: Chapter Seventy-Five","5/1/18"
"Jane The Virgin: Season 4: Chapter Seventy-Four","5/1/18"
"Jane The Virgin: Season 4: Chapter Seventy-Three","5/1/18"
"Jane The Virgin: Season 4: Chapter Seventy-Two","5/1/18"
"Jane The Virgin: Season 4: Chapter Seventy-One","5/1/18"
"Jane The Virgin: Season 4: Chapter Seventy","5/1/18"
"Jane The Virgin: Season 4: Chapter Sixty-Nine","4/30/18"
"Jane The Virgin: Season 4: Chapter Sixty-Eight","4/30/18"
"Jane The Virgin: Season 4: Chapter Sixty-Seven","4/30/18"
"The Office (U.S.): Season 3: The Convention","4/30/18"
"The Office (U.S.): Season 3: Gay Witch Hunt","4/30/18"
"The Office (U.S.): Season 2: Casino Night","4/30/18"
"Jane The Virgin: Season 4: Chapter Sixty-Six","4/30/18"
"Jane The Virgin: Season 4: Chapter Sixty-Five","4/30/18"
"The Office (U.S.): Season 2: Conflict Resolution","4/30/18"
"The Office (U.S.): Season 2: Drug Testing","4/30/18"
"The Office (U.S.): Season 2: Michael's Birthday","4/30/18"
"The Office (U.S.): Season 2: Take Your Daughter to Work Day","4/30/18"
"The Office (U.S.): Season 2: Dwight's Speech","4/30/18"
"The Office (U.S.): Season 2: Valentine's Day","4/29/18"
"The Office (U.S.): Season 2: Boys and Girls","4/27/18"
"The Office (U.S.): Season 2: The Carpet","4/27/18"
"The Office (U.S.): Season 2: The Secret","4/27/18"
"The Office (U.S.): Season 2: The Injury","4/27/18"
"The Office (U.S.): Season 2: Booze Cruise","4/26/18"
"The Office (U.S.): Season 2: Christmas Party","4/26/18"
"The Office (U.S.): Season 2: Email Surveillance","4/26/18"
"The Office (U.S.): Season 2: Performance Review","4/26/18"
"The Office (U.S.): Season 2: The Fight","4/26/18"
"The Office (U.S.): Season 1: Health Care","4/26/18"
"The Office (U.S.): Season 2: Sexual Harassment","4/26/18"
"The Office (U.S.): Season 2: The Dundies","4/25/18"
"The Office (U.S.): Season 1: Hot Girl","4/25/18"
"The Office (U.S.): Season 1: Basketball","4/25/18"
"The Office (U.S.): Season 1: The Alliance","4/25/18"
"The Office (U.S.): Season 4: Survivor Man","4/25/18"
"New Girl: Season 4: Swuit","4/25/18"
"New Girl: Season 4: Coming Out","4/24/18"
"New Girl: Season 4: Shark","4/24/18"
"New Girl: Season 4: LAXmas","4/23/18"
"New Girl: Season 4: Girl Fight","4/23/18"
"New Girl: Season 4: Thanksgiving IV","4/23/18"
"New Girl: Season 4: Teachers","4/23/18"
"New Girl: Season 4: Goldmine","4/23/18"
"New Girl: Season 5: Jury Duty","4/23/18"
"Criminal Minds: Season 1: Unfinished Business","4/23/18"
"Criminal Minds: Season 1: Riding the Lightning","4/21/18"
"Criminal Minds: Season 1: Poison","4/21/18"
"Criminal Minds: Season 1: What Fresh Hell?","4/20/18"
"Criminal Minds: Season 1: Blood Hungry","4/19/18"
"Criminal Minds: Season 1: The Popular Kids","4/19/18"
"Criminal Minds: Season 1: Derailed","4/19/18"
"Criminal Minds: Season 1: Natural Born Killer","4/19/18"
"Criminal Minds: Season 1: The Fox","4/19/18"
"Criminal Minds: Season 1: L.D.S.K.","4/18/18"
"Criminal Minds: Season 1: Broken Mirror","4/18/18"
"New Girl: Season 5: What About Fred","4/17/18"
"Criminal Minds: Season 1: Plain Sight","4/17/18"
"Criminal Minds: Season 1: Won't Get Fooled Again","4/17/18"
"Santa Clarita Diet: Season 1: Baka, Bile and Baseball Bats","4/16/18"
"Criminal Minds: Season 1: Compulsion","4/16/18"
"Criminal Minds: Season 1: Extreme Aggressor","4/16/18"
"New Girl: Season 1: Bully","4/15/18"
"New Girl: Season 1: Valentine's Day","4/15/18"
"New Girl: Season 1: The Landlord","4/15/18"
"New Girl: Season 1: Jess and Julia","4/15/18"
"New Girl: Season 1: The Story of the 50","4/15/18"
"Gilmore Girls: Season 7: Bon Voyage","4/14/18"
"Gilmore Girls: Season 1: Pilot","4/14/18"
"The Office (U.S.): Season 4: Branch Wars","4/14/18"
"New Girl: Season 6: Five Stars for Beezus","4/14/18"
"New Girl: Season 6: San Diego","4/14/18"
"New Girl: Season 6: Misery","4/14/18"
"New Girl: Season 6: Socalyalcon VI","4/14/18"
"New Girl: Season 6: Young Adult","4/14/18"
"New Girl: Season 6: Rumspringa","4/14/18"
"New Girl: Season 6: Operation: Bobcat","4/14/18"
"New Girl: Season 6: Glue","4/14/18"
"New Girl: Season 6: The Hike","4/14/18"
"New Girl: Season 6: Cece's Boys","4/13/18"
"New Girl: Season 6: The Cubicle","4/13/18"
"New Girl: Season 6: Raisin's Back","4/13/18"
"New Girl: Season 6: Christmas Eve Eve","4/13/18"
"New Girl: Season 6: Es Good","4/13/18"
"New Girl: Season 6: James Wonder","4/12/18"
"New Girl: Season 6: Last Thanksgiving","4/12/18"
"New Girl: Season 6: Ready","4/12/18"
"New Girl: Season 6: Jaipur Aviv","4/12/18"
"New Girl: Season 6: Homecoming","4/12/18"
"New Girl: Season 6: Single and Sufficient","4/12/18"
"New Girl: Season 6: Hubbedy Bubby","4/12/18"
"New Girl: Season 6: House Hunt","4/11/18"
"The Office (U.S.): Season 4: Local Ad","4/11/18"
"The Office (U.S.): Season 4: Money","4/11/18"
"New Girl: Season 2: Models","4/11/18"
"New Girl: Season 2: Neighbors","4/10/18"
"New Girl: Season 2: Fluffer","4/10/18"
"New Girl: Season 2: Katie","4/10/18"
"The Office (U.S.): Season 4: Launch Party","4/10/18"
"New Girl: Season 2: Re-Launch","4/10/18"
"The Office (U.S.): Season 4: Dunder Mifflin Infinity","4/10/18"
"The Office (U.S.): Season 4: Fun Run","4/10/18"
"New Girl: Season 1: See Ya","4/9/18"
"New Girl: Season 1: Backslide","4/9/18"
"New Girl: Season 1: Tomatoes","4/9/18"
"The Office (U.S.): Season 5: Cafe Disco","4/9/18"
"The Office (U.S.): Season 5: Casual Friday","4/9/18"
"The Office (U.S.): Season 5: Broke","4/9/18"
"The Office (U.S.): Season 5: Heavy Competition","4/9/18"
"The Office (U.S.): Season 5: Michael Scott Paper Company","4/9/18"
"The Office (U.S.): Season 5: Dream Team","4/9/18"
"The Office (U.S.): Season 5: Two Weeks","4/9/18"
"The Office (U.S.): Season 5: New Boss","4/9/18"
"The Office (U.S.): Season 5: Golden Ticket","4/9/18"
"The Office (U.S.): Season 5: Blood Drive","4/8/18"
"The Office (U.S.): Season 5: Lecture Circuit: Part 2","4/8/18"
"The Office (U.S.): Season 5: Moroccan Christmas","4/7/18"
"The Office (U.S.): Season 5: Customer Survey","4/7/18"
"The Office (U.S.): Season 5: Employee Transfer","4/7/18"
"The Office (U.S.): Season 5: Crime Aid","4/7/18"
"The Office (U.S.): Season 5: Baby Shower","4/7/18"
"The Office (U.S.): Season 5: Business Ethics","4/7/18"
"The Office (U.S.): Season 5: Weight Loss: Part 2","4/4/18"
"The Office (U.S.): Season 5: Weight Loss: Part 1","4/4/18"
"The Office (U.S.): Season 4: Goodbye, Toby","4/4/18"
"The Office (U.S.): Season 4: Job Fair","4/4/18"
"The Office (U.S.): Season 4: Did I Stutter","4/4/18"
"The Office (U.S.): Season 4: Night Out","4/4/18"
"The Office (U.S.): Season 4: The Chair Model","4/4/18"
"The Office (U.S.): Season 4: Dinner Party","4/4/18"
"The Office (U.S.): Season 4: The Deposition","4/4/18"
"The Office (U.S.): Season 2: Office Olympics","4/4/18"
"Santa Clarita Diet: Season 1: The Book!","4/4/18"
"New Girl: Season 1: Kids","4/4/18"
"New Girl: Season 1: Fancyman, Part 1","4/4/18"
"New Girl: Season 1: Control","4/4/18"
"New Girl: Season 1: Injured","4/4/18"
"The Office (U.S.): Season 8: Christmas Wishes","4/2/18"
"A Series of Unfortunate Events: Season 2: The Ersatz Elevator: Part 2","4/2/18"
"The Office (U.S.): Season 8: Mrs. California","3/29/18"
"The Office (U.S.): Season 8: Gettysburg","3/29/18"
"The Office (U.S.): Season 8: Pam's Replacement","3/29/18"
"The Office (U.S.): Season 8: Doomsday","3/29/18"
"The Office (U.S.): Season 8: Spooked","3/29/18"
"The Office (U.S.): Season 8: Garden Party","3/29/18"
"The Office (U.S.): Season 8: Lotto","3/29/18"
"The Office (U.S.): Season 8: The Incentive","3/29/18"
"The Office (U.S.): Season 8: The List","3/28/18"
"The Office (U.S.): Season 7: Search Committee: Part 2","3/28/18"
"The Office (U.S.): Season 7: Search Committee: Part 1","3/28/18"
"The Office (U.S.): Season 7: Dwight K. Schrute, (Acting) Manager","3/28/18"
"The Office (U.S.): Season 7: The Inner Circle","3/28/18"
"Santa Clarita Diet: Season 1: How Much Vomit?","3/28/18"
"Santa Clarita Diet: Season 1: Strange or Just Inconsiderate?","3/28/18"
"The Office (U.S.): Season 7: Goodbye, Michael","3/28/18"
"Santa Clarita Diet: Season 1: Attention to Detail","3/27/18"
"Santa Clarita Diet: Season 1: Man Eat Man","3/27/18"
"The Office (U.S.): Season 7: Michael's Last Dundies","3/27/18"
"The Office (U.S.): Season 7: Training Day","3/27/18"
"The Office (U.S.): Season 7: Garage Sale","3/27/18"
"The Office (U.S.): Season 7: Todd Packer","3/27/18"
"The Office (U.S.): Season 7: PDA","3/27/18"
"Santa Clarita Diet: Season 1: The Farting Sex Tourist","3/27/18"
"Santa Clarita Diet: Season 1: We Can Kill People","3/27/18"
"The Office (U.S.): Season 7: The Search","3/27/18"
"Santa Clarita Diet: Season 1: We Can't Kill People!","3/26/18"
"The Office (U.S.): Season 7: The Seminar","3/26/18"
"The Office (U.S.): Season 7: Ultimatum","3/26/18"
"The Office (U.S.): Season 7: Classy Christmas: Part 2","3/26/18"
"The Office (U.S.): Season 7: Classy Christmas: Part 1","3/26/18"
"Santa Clarita Diet: Season 1: So Then a Bat or a Monkey","3/25/18"
"The Office (U.S.): Season 7: The Sting","3/25/18"
"The Boss Baby","3/20/18"
"My Next Guest Needs No Introduction With David Letterman: Season 1: George Clooney","3/20/18"
"My Next Guest Needs No Introduction With David Letterman: Season 1: Barack Obama","3/20/18"
"My Next Guest Needs No Introduction With David Letterman: Season 1: Malala Yousafzai","3/20/18"
"Step Sisters","3/20/18"
"Gossip Girl: Season 6: New York, I Love You, XOXO","3/20/18"
"Love: Season 3: Catalina","3/20/18"
"The World's Most Extraordinary Homes: Season 1: Mountain","3/20/18"
"Love: Season 1: It Begins","3/20/18"
"The Walking Dead: Season 4: Indifference","3/20/18"
"Parks and Recreation: Season 2: Kaboom","3/20/18"
"New Girl: Season 5: Landing Gear","3/20/18"
"New Girl: Season 5: Wedding Eve","3/20/18"
"New Girl: Season 5: Return to Sender","3/20/18"
"New Girl: Season 5: Dress","3/20/18"
"New Girl: Season 5: A Chill Day In","3/20/18"
"New Girl: Season 5: Road Trip","3/20/18"
"New Girl: Season 5: Helmet","3/20/18"
"New Girl: Season 5: Jeff Day","3/20/18"
"New Girl: Season 5: 300 Feet","3/20/18"
"New Girl: Season 5: Sam, Again","3/20/18"
"New Girl: Season 5: D-Day","3/19/18"
"New Girl: Season 5: The Apartment","3/19/18"
"New Girl: Season 5: Goosebumps Walkaway","3/19/18"
"New Girl: Season 5: Heat Wave","3/19/18"
"New Girl: Season 5: The Decision","3/19/18"
"New Girl: Season 5: Wig","3/18/18"
"New Girl: Season 3: The Captain","3/18/18"
"Jane The Virgin: Season 3: Chapter Sixty-Four","3/18/18"
"Jane The Virgin: Season 3: Chapter Sixty-Three","3/18/18"
"Jane The Virgin: Season 3: Chapter Sixty-Two","3/18/18"
"Jane The Virgin: Season 3: Chapter Sixty-One","3/17/18"
"Jane The Virgin: Season 3: Chapter Sixty","3/17/18"
"Jane The Virgin: Season 3: Chapter Fifty-Nine","3/16/18"
"Jane The Virgin: Season 3: Chapter Fifty-Eight","3/16/18"
"Jane The Virgin: Season 3: Chapter Fifty-Seven","3/16/18"
"Jane The Virgin: Season 3: Chapter Fifty-Six","3/16/18"
"Jane The Virgin: Season 3: Chapter Fifty-Five","3/15/18"
"Jane The Virgin: Season 3: Chapter Fifty-Four","3/15/18"
"Jane The Virgin: Season 3: Chapter Fifty-Three","3/15/18"
"Jane The Virgin: Season 3: Chapter Fifty-Two","3/15/18"
"Jane The Virgin: Season 3: Chapter Fifty-One","3/14/18"
"Jane The Virgin: Season 3: Chapter Fifty","3/14/18"
"Nailed It!: Season 1: First Date to Life Mate","3/14/18"
"Jane The Virgin: Season 3: Chapter Forty-Nine","3/14/18"
"Jane The Virgin: Season 3: Chapter Forty-Eight","3/14/18"
"Jane The Virgin: Season 3: Chapter Forty-Seven","3/14/18"
"Jane The Virgin: Season 3: Chapter Forty-Six","3/13/18"
"Jane The Virgin: Season 3: Chapter Forty-Five","3/13/18"
"Jane The Virgin: Season 2: Chapter Forty-Four","3/13/18"
"Jane The Virgin: Season 2: Chapter Forty-Three","3/12/18"
"Jane The Virgin: Season 2: Chapter Forty-Two","3/12/18"
"Jane The Virgin: Season 2: Chapter Forty-One","3/12/18"
"Jane The Virgin: Season 2: Chapter Forty","3/12/18"
"Jane The Virgin: Season 2: Chapter Thirty-Nine","3/12/18"
"Jane The Virgin: Season 2: Chapter Thirty-Eight","3/12/18"
"Jane The Virgin: Season 2: Chapter Thirty-Seven","3/11/18"
"Jane The Virgin: Season 2: Chapter Thirty-Six","3/11/18"
"Jane The Virgin: Season 2: Chapter Thirty-Five","3/11/18"
"Jane The Virgin: Season 2: Chapter Thirty-Four","3/11/18"
"Jane The Virgin: Season 2: Chapter Thirty-Three","3/11/18"
"Jane The Virgin: Season 2: Chapter Thirty-Two","3/11/18"
"Jane The Virgin: Season 2: Chapter Thirty-One","3/10/18"
"Jane The Virgin: Season 2: Chapter Thirty","3/10/18"
"Jane The Virgin: Season 2: Chapter Twenty-Nine","3/10/18"
"Jane The Virgin: Season 2: Chapter Twenty-Eight","3/10/18"
"Jane The Virgin: Season 2: Chapter Twenty-Seven","3/10/18"
"Jane The Virgin: Season 2: Chapter Twenty-Six","3/10/18"
"Jane The Virgin: Season 2: Chapter Twenty-Five","3/10/18"
"Jane The Virgin: Season 2: Chapter Twenty-Four","3/10/18"
"Jane The Virgin: Season 2: Chapter Twenty-Three","3/10/18"
"Jane The Virgin: Season 1: Chapter Twenty-Two","3/9/18"
"Jane The Virgin: Season 1: Chapter Twenty-One","3/9/18"
"Jane The Virgin: Season 1: Chapter Twenty","3/8/18"
"Jane The Virgin: Season 1: Chapter Nineteen","3/8/18"
"Jane The Virgin: Season 1: Chapter Eighteen","3/8/18"
"Jane The Virgin: Season 1: Chapter Seventeen","3/8/18"
"Jane The Virgin: Season 1: Chapter Sixteen","3/8/18"
"Jane The Virgin: Season 1: Chapter Fifteen","3/8/18"
"Jane The Virgin: Season 1: Chapter Fourteen","3/8/18"
"Jane The Virgin: Season 1: Chapter Thirteen","3/7/18"
"Jane The Virgin: Season 1: Chapter Twelve","3/7/18"
"Jane The Virgin: Season 1: Chapter Eleven","3/7/18"
"Jane The Virgin: Season 1: Chapter Ten","3/7/18"
"Jane The Virgin: Season 1: Chapter Nine","3/6/18"
"Jane The Virgin: Season 1: Chapter Eight","3/6/18"
"Jane The Virgin: Season 1: Chapter Seven","3/6/18"
"Jane The Virgin: Season 1: Chapter Six","3/6/18"
"Jane The Virgin: Season 1: Chapter Five","3/6/18"
"Jane The Virgin: Season 1: Chapter Four","3/6/18"
"Jane The Virgin: Season 1: Chapter Three","3/5/18"
"Jane The Virgin: Season 1: Chapter Two","3/5/18"
"New Girl: Season 3: All In","3/5/18"
"New Girl: Season 2: Elaine's Big Day","3/5/18"
"New Girl: Season 2: Winston's Birthday","3/5/18"
"New Girl: Season 2: Virgins","3/5/18"
"New Girl: Season 2: First Date","3/5/18"
"New Girl: Season 2: Chicago","3/5/18"
"New Girl: Season 2: Quick Hardening Caulk","3/5/18"
"Jane The Virgin: Season 1: Chapter One: Pilot","3/1/18"
"New Girl: Season 5: Reagan","2/25/18"
"New Girl: Season 5: Bob & Carol & Nick & Schmidt","2/25/18"
"New Girl: Season 5: No Girl","2/25/18"
"New Girl: Season 5: Big Mama P","2/25/18"
"New Girl: Season 4: Landline","2/22/18"
"New Girl: Season 4: Julie Berkman's Older Sister","2/22/18"
"New Girl: Season 4: The Last Wedding","2/22/18"
"New Girl: Season 3: Cruise","2/22/18"
"New Girl: Season 3: Dance","2/22/18"
"New Girl: Season 3: Big News","2/22/18"
"New Girl: Season 3: Mars Landing","2/22/18"
"New Girl: Season 3: Fired Up","2/21/18"
"New Girl: Season 3: Sister III","2/21/18"
"New Girl: Season 3: Double Date","2/19/18"
"New Girl: Season 2: Tinfinity","2/18/18"
"New Girl: Season 2: Parking Spot","2/18/18"
"New Girl: Season 2: Table 34","2/18/18"
"New Girl: Season 2: Cooler","2/18/18"
"New Girl: Season 2: Pepperwood","2/18/18"
"New Girl: Season 2: A Father's Love","2/18/18"
"New Girl: Season 2: Cabin","2/18/18"
"New Girl: Season 2: Santa","2/18/18"
"New Girl: Season 1: Normal","2/16/18"
"New Girl: Season 1: Secrets","2/15/18"
"New Girl: Season 1: Fancyman, Part 2","2/15/18"
"New Girl: Season 1: Bad in Bed","2/15/18"
"New Girl: Season 1: Bells","2/15/18"
"New Girl: Season 1: Thanksgiving","2/14/18"
"New Girl: Season 1: Cece Crashes","2/14/18"
"New Girl: Season 1: Naked","2/14/18"
"New Girl: Season 1: Wedding","2/14/18"
"New Girl: Season 1: Kryptonite","2/14/18"
"New Girl: Season 1: Pilot","2/14/18"
"Schitt's Creek: Season 3: Grad Night","2/4/18"
"Schitt's Creek: Season 3: Friends & Family","2/3/18"
"Schitt's Creek: Season 3: Stop Saying Lice!","2/2/18"
"Schitt's Creek: Season 3: Sebastien Raine","2/2/18"
"Schitt's Creek: Season 3: The Affair","2/2/18"
"Schitt's Creek: Season 3: Motel Review","2/2/18"
"Schitt's Creek: Season 3: General Store","2/2/18"
"Schitt's Creek: Season 3: Murder Mystery","2/2/18"
"Schitt's Creek: Season 3: Rooms by the Hour","2/2/18"
"Schitt's Creek: Season 3: Driving Test","2/1/18"
"Schitt's Creek: Season 3: New Car","2/1/18"
"Schitt's Creek: Season 3: The Throuple","2/1/18"
"Schitt's Creek: Season 3: Opening Night","2/1/18"
"Schitt's Creek: Season 2: Happy Anniversary","1/31/18"
"Schitt's Creek: Season 2: Lawn Signs","1/31/18"
"Schitt's Creek: Season 2: The Motel Guest","1/31/18"
"Schitt's Creek: Season 2: Ronnie's Party","1/30/18"
"Schitt's Creek: Season 2: Moira's Nudes","1/30/18"
"Schitt's Creek: Season 2: Milk Money","1/30/18"
"Schitt's Creek: Season 2: The Candidate","1/30/18"
"Schitt's Creek: Season 2: Moira vs. Town Council","1/30/18"
"Schitt's Creek: Season 2: Bob's Bagels","1/30/18"
"Schitt's Creek: Season 2: Estate Sale","1/29/18"
"Schitt's Creek: Season 2: Jazzagals","1/29/18"
"Schitt's Creek: Season 2: Family Dinner","1/29/18"
"Schitt's Creek: Season 2: Finding David","1/29/18"
"Schitt's Creek: Season 1: Town for Sale","1/29/18"
"Schitt's Creek: Season 1: Surprise Party","1/27/18"
"Schitt's Creek: Season 1: Little Sister","1/27/18"
"Schitt's Creek: Season 1: Honeymoon","1/27/18"
"Schitt's Creek: Season 1: Carl's Funeral","1/27/18"
"Schitt's Creek: Season 1: Allez-Vous","1/27/18"
"The Office (U.K.): Series 2: Christmas Special: Part 2","1/27/18"
"The Office (U.K.): Series 2: Christmas Special: Part 1","1/27/18"
"The Office (U.K.): Series 2: Interview","1/26/18"
"The Office (U.K.): Series 2: Charity","1/26/18"
"The Office (U.K.): Series 2: Motivation","1/24/18"
"The Office (U.K.): Series 2: Party","1/24/18"
"The Office (U.K.): Series 2: Appraisals","1/24/18"
"The Office (U.K.): Series 2: Merger","1/24/18"
"The Office (U.K.): Series 1: Judgement","1/24/18"
"The Office (U.K.): Series 1: New Girl","1/24/18"
"The Office (U.K.): Series 1: Training","1/22/18"
"The Office (U.K.): Series 1: The Quiz","1/22/18"
"The Office (U.K.): Series 1: Work Experience","1/22/18"
"The Office (U.K.): Series 1: Downsize","1/22/18"
"Family Guy: Season 4: Brian Goes Back to College","1/22/18"
"Family Guy: Season 4: PTV","1/21/18"
"Family Guy: Season 4: Jungle Love","1/17/18"
"Family Guy: Season 4: The Perfect Castaway","1/16/18"
"Family Guy: Season 4: Peter's Got Woods","1/16/18"
"Family Guy: Season 4: Model Misbehavior","1/16/18"
"Family Guy: Season 4: Breaking Out Is Hard to Do","1/15/18"
"Atypical: Season 1: Antarctica","1/13/18"
"Family Guy: Season 4: 8 Simple Rules for Buying My Teenage Daughter","1/13/18"
"Family Guy: Season 4: Brian the Bachelor","1/13/18"
"Family Guy: Season 4: Don't Make Me Over","1/12/18"
"Gossip Girl: Season 6: Dirty Rotten Scandals","1/11/18"
"Gossip Girl: Season 6: High Infidelity","1/11/18"
"Gossip Girl: Season 6: Gone Maybe Gone","1/11/18"
"Gossip Girl: Season 5: The Return of the Ring","1/11/18"
"Gossip Girl: Season 5: G.G","1/8/18"
"Family Guy: Season 6: Lois Kills Stewie: Part 2","1/8/18"
"Family Guy: Season 6: Stewie Kills Lois: Part 1","1/8/18"
"Family Guy: Season 6: Believe It or Not Joe's Walking on Air","1/8/18"
"Family Guy: Season 6: Movin' Out (Brian's Song)","1/8/18"
"Family Guy: Season 6: Blue Harvest","1/8/18"
"Family Guy: Season 5: Meet the Quagmires","1/7/18"
"Family Guy: Season 5: It Takes a Village Idiot (and I Married One)","1/6/18"
"Family Guy: Season 5: No Chris Left Behind","1/6/18"
"The End of the F***ing World: Season 1: Episode 8","1/5/18"
"The End of the F***ing World: Season 1: Episode 7","1/5/18"
"The End of the F***ing World: Season 1: Episode 6","1/5/18"
"The End of the F***ing World: Season 1: Episode 5","1/5/18"
"The End of the F***ing World: Season 1: Episode 4","1/5/18"
"The End of the F***ing World: Season 1: Episode 3","1/5/18"
"The End of the F***ing World: Season 1: Episode 2","1/5/18"
"The End of the F***ing World: Season 1: Episode 1","1/5/18"
"Family Guy: Season 5: Boys Do Cry","1/3/18"
"Family Guy: Season 5: Barely Legal","1/3/18"
"Family Guy: Season 5: Hell Comes to Quahog","1/2/18"
"Family Guy: Season 5: Mother Tucker","1/2/18"
"Easy: Season 1: Hop Dreams","12/15/17"
"Easy: Season 2: Open Marriage","12/14/17"
"White Collar: Season 1: Threads","12/14/17"
"White Collar: Season 1: Pilot","12/14/17"
"Easy: Season 2: Package Thief","12/13/17"
"The Walking Dead: Season 7: Rock in the Road","12/9/17"
"The Walking Dead: Season 7: Hearts Still Beating","12/9/17"
"The Secret Life of the American Teenager: Season 1: Falling in Love","12/6/17"
"Riverdale: Season 1: Chapter One: The River's Edge","12/6/17"
"13 Reasons Why: Season 1: Tape 1, Side A","12/6/17"
"13 Reasons Why: Season 1: Tape 1, Side B","12/6/17"
"Stranger Things: Stranger Things 2: Chapter Six: The Spy","12/3/17"
"Stranger Things: Stranger Things 2: Chapter One: MADMAX","12/3/17"
"Stranger Things: Chapter One: The Vanishing Of Will Byers","12/3/17"
"Gossip Girl: Season 6: The Revengers","12/3/17"
"Gossip Girl: Season 6: It's Really Complicated","12/3/17"
"Gossip Girl: Season 6: Save the Last Chance","12/3/17"
"Gossip Girl: Season 6: Where the Vile Things Are","12/2/17"
"Gossip Girl: Season 6: Monstrous Ball","12/2/17"
"Gossip Girl: Season 6: Portrait of a Lady Alexander","12/2/17"
"Gossip Girl: Season 5: The Backup Dan","12/2/17"
"Gossip Girl: Season 5: Father and the Bride","12/2/17"
"Gossip Girl: Season 5: The End of the Affair?","12/2/17"
"Gossip Girl: Season 5: Riding in Town Cars With Boys","12/2/17"
"Gossip Girl: Season 5: Rhodes to Perdition","12/2/17"
"Gossip Girl: Season 5: All the Pretty Sources","12/2/17"
"Gossip Girl: Season 5: The Big Sleep No More","12/2/17"
"Gossip Girl: Season 5: I Am Number Nine","12/2/17"
"Mean Girls","11/20/17"
"The Walking Dead: Season 2: Cherokee Rose","11/16/17"
"The Walking Dead: Season 1: Wildfire","11/16/17"
"The Walking Dead: Season 1: Vatos","11/16/17"
"Parks and Recreation: Season 4: Lucky","11/16/17"
"Beyond Stranger Things: Beyond 2: Mind Blown","11/15/17"
"Family Guy: Season 2: Holy Crap","11/15/17"
"The Walking Dead: Season 1: Tell It to the Frogs","11/15/17"
"The Walking Dead: Season 1: Guts","11/15/17"
"Parks and Recreation: Season 4: End of the World","11/15/17"
"Family Guy: Season 2: Peter, Peter, Caviar Eater","11/15/17"
"Stranger Things: Stranger Things 2: Chapter Nine: The Gate","11/14/17"
"Stranger Things: Stranger Things 2: Chapter Eight: The Mind Flayer","11/14/17"
"Stranger Things: Stranger Things 2: Chapter Seven: The Lost Sister","11/14/17"
"Stranger Things: Stranger Things 2: Chapter Five: Dig Dug","11/14/17"
"Stranger Things: Stranger Things 2: Chapter Four: Will the Wise","11/14/17"
"Stranger Things: Stranger Things 2: Chapter Three: The Pollywog","11/14/17"
"Stranger Things: Stranger Things 2: Chapter Two: Trick or Treat, Freak","11/13/17"
"Stranger Things: Chapter Eight: The Upside Down","11/13/17"
"Stranger Things: Chapter Seven: The Bathtub","11/13/17"
"Stranger Things: Chapter Six: The Monster","11/12/17"
"Stranger Things: Chapter Five: The Flea and the Acrobat","11/12/17"
"Stranger Things: Chapter Four: The Body","11/10/17"
"Stranger Things: Chapter Three: Holly, Jolly","11/10/17"
"Stranger Things: Chapter Two: The Weirdo on Maple Street","11/7/17"
"Zumbo's Just Desserts: Season 1: Episode 1","11/6/17"
"The Babysitter","11/6/17"
"Family Guy: Season 1: Brian: Portrait of a Dog","11/6/17"
"Family Guy: Season 1: The Son Also Draws","11/6/17"
"Galavant: Season 2: Love and Death","10/31/17"
"Galavant: Season 2: About Last Knight","10/31/17"
"Galavant: Season 2: Giants vs. Dwarves","10/31/17"
"The Office (U.S.): Season 2: The Client","10/31/17"
"The Office (U.S.): Season 2: Halloween","10/30/17"
"The Office (U.S.): Season 2: The Fire","10/30/17"
"The Office (U.S.): Season 1: Diversity Day","10/30/17"
"The Office (U.S.): Season 1: Pilot","10/29/17"
"Family Guy: Season 1: A Hero Sits Next Door","10/26/17"
"Family Guy: Season 1: Mind Over Murder","10/26/17"
"Family Guy: Season 1: Chitty Chitty Death Bang","10/24/17"
"Family Guy: Season 1: I Never Met the Dead Man","10/24/17"
"Family Guy: Season 1: Death Has a Shadow","10/24/17"
"Haters Back Off: Season 1: Uploding my Fist Video","10/24/17"
"Galavant: Season 2: Bewitched, Bothered and Belittled","9/23/17"
"Little Evil","9/20/17"
"The Great British Baking Show: Collection 1: Cake","9/20/17"
"The Great British Baking Show: Masterclass: Season 1: Masterclass 1","9/20/17"
"The Walking Dead: Season 7: The First Day of the Rest of Your Life","9/18/17"
"The Walking Dead: Season 7: Something They Need","9/18/17"
"The Walking Dead: Season 7: The Other Side","9/17/17"
"The Walking Dead: Season 7: Bury Me Here","9/17/17"
"The Walking Dead: Season 7: Say Yes","9/17/17"
"The Walking Dead: Season 7: Hostiles and Calamities","9/17/17"
"The Walking Dead: Season 7: New Best Friends","9/15/17"
"The Walking Dead: Season 7: Sing Me a Song","9/14/17"
"The Walking Dead: Season 7: Swear","9/14/17"
"The Walking Dead: Season 7: Go Getters","9/13/17"
"The Walking Dead: Season 7: Service","9/13/17"
"The Walking Dead: Season 7: The Cell","9/12/17"
"The Walking Dead: Season 7: The Well","9/12/17"
"The Walking Dead: Season 7: The Day Will Come When You Won't Be","9/10/17"
"The Walking Dead: Season 2: Chupacabra","9/10/17"
"The Walking Dead: Season 6: No Way Out","9/10/17"
"Once Upon a Time: Season 6: The Song in Your Heart","9/2/17"
"Parks and Recreation: Season 4: Bowling for Votes","8/23/17"
"Parks and Recreation: Season 4: Campaign Ad","8/23/17"
"Parks and Recreation: Season 4: The Comeback Kid","8/23/17"
"The Walking Dead: Season 6: Last Day on Earth","8/23/17"
"The Walking Dead: Season 6: East","8/22/17"
"The Walking Dead: Season 6: Twice as Far","8/22/17"
"The Walking Dead: Season 6: The Same Boat","8/22/17"
"The Walking Dead: Season 6: Not Tomorrow Yet","8/22/17"
"The Walking Dead: Season 6: Knots Untie","8/20/17"
"The Walking Dead: Season 6: The Next World","8/18/17"
"The Walking Dead: Season 6: Start to Finish","8/18/17"
"The Walking Dead: Season 6: Heads Up","8/18/17"
"The Walking Dead: Season 6: Always Accountable","8/18/17"
"The Walking Dead: Season 6: Now","8/17/17"
"The Walking Dead: Season 6: Here's Not Here","8/17/17"
"The Walking Dead: Season 6: Thank You","8/17/17"
"The Walking Dead: Season 6: JSS","8/16/17"
"Parks and Recreation: Season 5: Pawnee Commons","8/12/17"
"The Walking Dead: Season 6: First Time Again","8/12/17"
"Parks and Recreation: Season 5: Leslie vs. April","8/11/17"
"Parks and Recreation: Season 5: Halloween Surprise","8/11/17"
"The Walking Dead: Season 5: Conquer","8/11/17"
"Parks and Recreation: Season 5: Soda Tax","8/11/17"
"The Walking Dead: Season 5: Try","8/11/17"
"The Walking Dead: Season 5: Spend","8/10/17"
"The Walking Dead: Season 5: Forget","8/10/17"
"The Walking Dead: Season 5: Remember","8/3/17"
"Parks and Recreation: Season 5: Ms. Knope Goes to Washington","8/3/17"
"Parks and Recreation: Season 4: The Debate","8/3/17"
"Parks and Recreation: Season 4: Live Ammo","8/3/17"
"Parks and Recreation: Season 7: Donna & Joe","8/3/17"
"Parks and Recreation: Season 7: Save JJ's","8/3/17"
"Parks and Recreation: Season 7: Gryzzlbox","8/3/17"
"Parks and Recreation: Season 7: Leslie and Ron","8/3/17"
"The Walking Dead: Season 5: The Distance","8/3/17"
"The Walking Dead: Season 5: Them","8/2/17"
"Parks and Recreation: Season 6: Moving Up","8/2/17"
"Parks and Recreation: Season 6: One in 8,000","8/2/17"
"Parks and Recreation: Season 6: Flu Season 2","8/2/17"
"The Walking Dead: Season 5: What Happened and What's Going On","8/1/17"
"Parks and Recreation: Season 5: Ron and Diane","8/1/17"
"Parks and Recreation: Season 3: Ron and Tammy: Part II","8/1/17"
"Parks and Recreation: Season 3: Time Capsule","8/1/17"
"The Walking Dead: Season 5: Coda","8/1/17"
"Parks and Recreation: Season 3: Flu Season","7/31/17"
"Parks and Recreation: Season 4: Dave Returns","7/31/17"
"The Walking Dead: Season 5: Crossed","7/31/17"
"The Walking Dead: Season 5: Consumed","7/31/17"
"Arrow: Season 5: Underneath","7/31/17"
"The Walking Dead: Season 5: Self Help","7/31/17"
"The Walking Dead: Season 5: Slabtown","7/31/17"
"The Walking Dead: Season 5: Four Walls and a Roof","7/31/17"
"Parks and Recreation: Season 4: Operation Ann","7/31/17"
"Parks and Recreation: Season 3: The Bubble","7/31/17"
"Parks and Recreation: Season 5: Sex Education","7/31/17"
"Parks and Recreation: Season 6: The Pawnee-Eagleton Tip Off Classic","7/31/17"
"The Walking Dead: Season 5: Strangers","7/31/17"
"The Walking Dead: Season 5: No Sanctuary","7/30/17"
"The Walking Dead: Season 4: A","7/30/17"
"The Walking Dead: Season 4: Us","7/30/17"
"The Walking Dead: Season 4: The Grove","7/30/17"
"The Walking Dead: Season 4: Alone","7/29/17"
"Parks and Recreation: Season 5: Jerry's Retirement","7/29/17"
"Parks and Recreation: Season 5: Article Two","7/29/17"
"The Walking Dead: Season 4: Still","7/29/17"
"The Walking Dead: Season 4: Claimed","7/29/17"
"The Walking Dead: Season 4: Inmates","7/29/17"
"The Walking Dead: Season 4: After","7/28/17"
"Parks and Recreation: Season 5: Animal Control","7/28/17"
"Parks and Recreation: Season 5: Partridge","7/27/17"
"Parks and Recreation: Season 5: Correspondents' Lunch","7/27/17"
"The Walking Dead: Season 4: Too Far Gone","7/27/17"
"The Walking Dead: Season 4: Dead Weight","7/27/17"
"The Walking Dead: Season 4: Live Bait","7/27/17"
"The Walking Dead: Season 4: Internment","7/26/17"
"The Walking Dead: Season 4: Isolation","7/26/17"
"The Walking Dead: Season 4: Infected","7/26/17"
"The Walking Dead: Season 4: 30 Days Without an Accident","7/26/17"
"The Walking Dead: Season 3: Welcome to the Tombs","7/26/17"
"The Walking Dead: Season 3: This Sorrowful Life","7/26/17"
"The Walking Dead: Season 3: Prey","7/25/17"
"The Walking Dead: Season 3: Arrow on the Doorpost","7/25/17"
"The Walking Dead: Season 3: Clear","7/25/17"
"The Walking Dead: Season 3: I Ain't a Judas","7/25/17"
"The Walking Dead: Season 3: Home","7/25/17"
"The Walking Dead: Season 3: The Suicide King","7/25/17"
"The Walking Dead: Season 3: Made to Suffer","7/25/17"
"The Walking Dead: Season 3: When the Dead Come Knocking","7/25/17"
"The Walking Dead: Season 3: Hounded","7/25/17"
"The Walking Dead: Season 3: Say the Word","7/25/17"
"The Walking Dead: Season 3: Killer Within","7/24/17"
"The Walking Dead: Season 3: Walk with Me","7/24/17"
"The Walking Dead: Season 3: Sick","7/24/17"
"The Walking Dead: Season 3: Seed","7/24/17"
"The Walking Dead: Season 2: Beside the Dying Fire","7/24/17"
"The Walking Dead: Season 2: Better Angels","7/24/17"
"The Walking Dead: Season 2: Judge, Jury, Executioner","7/24/17"
"The Walking Dead: Season 2: 18 Miles Out","7/24/17"
"The Walking Dead: Season 2: Triggerfinger","7/24/17"
"The Walking Dead: Season 2: Nebraska","7/24/17"
"The Walking Dead: Season 2: Pretty Much Dead Already","7/24/17"
"The Walking Dead: Season 2: Secrets","7/23/17"
"The Walking Dead: Season 2: Save the Last One","7/23/17"
"The Walking Dead: Season 2: Bloodletting","7/23/17"
"The Walking Dead: Season 2: What Lies Ahead","7/23/17"
"The Walking Dead: Season 1: TS-19","7/23/17"
"The Walking Dead: Season 1: Days Gone Bye","7/22/17"
"Once Upon a Time: Season 5: Last Rites","7/15/17"
"Once Upon a Time: Season 5: Firebird","7/15/17"
"Once Upon a Time: Season 5: Sisters","7/15/17"
"Once Upon a Time: Season 5: Ruby Slippers","7/15/17"
"Once Upon a Time: Season 5: Her Handsome Hero","7/15/17"
"Once Upon a Time: Season 5: The Brothers Jones","7/15/17"
"Once Upon a Time: Season 5: Devil's Due","7/15/17"
"Once Upon a Time: Season 5: Labor of Love","7/15/17"
"Once Upon a Time: Season 5: Souls of the Departed","7/15/17"
"Once Upon a Time: Season 5: Swan Song","7/15/17"
"Once Upon a Time: Season 5: Broken Heart","7/15/17"
"Once Upon a Time: Season 5: The Bear King","7/15/17"
"Once Upon a Time: Season 5: Birth","7/15/17"
"Arrow: Season 3: The Fallen","7/15/17"
"Parks and Recreation: Season 5: Leslie and Ben","7/15/17"
"Parks and Recreation: Season 5: Emergency Response","7/15/17"
"Parks and Recreation: Season 5: Ann's Decision","7/15/17"
"Parks and Recreation: Season 5: Women in Garbage","7/15/17"
"Once Upon a Time: Season 5: Nimue","7/14/17"
"Once Upon a Time: Season 5: The Bear and The Bow","7/14/17"
"Once Upon a Time: Season 5: Dreamcatcher","7/14/17"
"Once Upon a Time: Season 4: Operation Mongoose: Part 1","7/14/17"
"Once Upon a Time: Season 4: Mother","7/14/17"
"Once Upon a Time: Season 4: Lily","7/14/17"
"Once Upon a Time: Season 4: Sympathy for the De Vil","7/14/17"
"Once Upon a Time: Season 4: Heart of Gold","7/14/17"
"Once Upon a Time: Season 4: Best Laid Plans","7/14/17"
"Once Upon a Time: Season 4: Poor Unfortunate Soul","7/14/17"
"Once Upon a Time: Season 4: Enter the Dragon","7/14/17"
"Once Upon a Time: Season 4: Unforgiven","7/14/17"
"Once Upon a Time: Season 4: Darkness on the Edge of Town","7/14/17"
"Once Upon a Time: Season 4: Heroes and Villains","7/13/17"
"Once Upon a Time: Season 4: Shattered Sight","7/13/17"
"Once Upon a Time: Season 4: Fall","7/13/17"
"Once Upon a Time: Season 4: Smash the Mirror: Part 2","7/13/17"
"Once Upon a Time: Season 4: Smash the Mirror: Part 1","7/13/17"
"Once Upon a Time: Season 4: The Snow Queen","7/13/17"
"Once Upon a Time: Season 4: Family Business","7/13/17"
"Once Upon a Time: Season 4: Breaking Glass","7/13/17"
"Once Upon a Time: Season 4: The Apprentice","7/13/17"
"Galavant: Season 2: A New Season aka Suck It Cancellation Bear","7/13/17"
"Galavant: Season 1: It's All in the Executions","7/12/17"
"Galavant: Season 1: My Cousin Izzy","7/12/17"
"Galavant: Season 1: Dungeons and Dragon Lady","7/12/17"
"Once Upon a Time: Season 4: Rocky Road","7/11/17"
"Once Upon a Time: Season 4: White Out","7/11/17"
"Once Upon a Time: Season 4: A Tale of Two Sisters","7/11/17"
"Once Upon a Time: Season 3: Snow Drifts","7/11/17"
"Galavant: Season 1: Completely Mad...Alena","7/11/17"
"Galavant: Season 1: Comedy Gold","7/11/17"
"Galavant: Season 1: Two Balls","7/11/17"
"Galavant: Season 1: Joust Friends","7/11/17"
"Galavant: Season 1: Pilot","7/11/17"
"Arrow: Season 5: Lian Yu","7/11/17"
"Arrow: Season 5: Missing","7/11/17"
"Arrow: Season 5: Honor Thy Fathers","7/11/17"
"Arrow: Season 5: Dangerous Liaisons","7/8/17"
"Arrow: Season 5: Disbanded","7/8/17"
"Arrow: Season 5: Kapiushon","7/8/17"
"Arrow: Season 5: Checkmate","7/8/17"
"Arrow: Season 5: Fighting Fire with Fire","7/8/17"
"Arrow: Season 5: The Sin-Eater","7/8/17"
"Arrow: Season 5: Spectre of the Gun","7/8/17"
"Arrow: Season 5: Bratva","7/8/17"
"Arrow: Season 5: Second Chances","7/8/17"
"Arrow: Season 5: Who Are You?","7/8/17"
"Once Upon a Time: Season 3: There's No Place Like Home","7/8/17"
"Once Upon a Time: Season 3: Kansas","7/8/17"
"Once Upon a Time: Season 3: A Curious Thing","7/8/17"
"Once Upon a Time: Season 4: Operation Mongoose: Part 2","7/8/17"
"Once Upon a Time: Season 3: The Tower","7/8/17"
"Once Upon a Time: Season 3: Witch Hunt","7/8/17"
"Once Upon a Time: Season 3: New York City Serenade","7/8/17"
"Once Upon a Time: Season 3: Going Home","7/8/17"
"Once Upon a Time: Season 3: The New Neverland","7/8/17"
"Once Upon a Time: Season 3: Save Henry","7/8/17"
"Once Upon a Time: Season 3: Think Lovely Thoughts","7/8/17"
"Once Upon a Time: Season 3: Dark Hollow","7/8/17"
"Once Upon a Time: Season 3: Ariel","7/7/17"
"Once Upon a Time: Season 3: Good Form","7/7/17"
"Once Upon a Time: Season 2: And Straight on 'Til Morning","7/7/17"
"Once Upon a Time: Season 2: Second Star to the Right","7/7/17"
"Once Upon a Time: Season 2: Selfless, Brave and True","7/7/17"
"Once Upon a Time: Season 2: Welcome to Storybrooke","7/7/17"
"Once Upon a Time: Season 2: The Miller's Daughter","7/7/17"
"Once Upon a Time: Season 2: The Queen Is Dead","7/7/17"
"Once Upon a Time: Season 2: Manhattan","7/7/17"
"Once Upon a Time: Season 2: Tiny","7/7/17"
"Once Upon a Time: Season 2: In the Name of the Brother","7/7/17"
"Once Upon a Time: Season 2: The Outsider","7/7/17"
"Once Upon a Time: Season 2: The Cricket Game","7/7/17"
"Once Upon a Time: Season 2: Queen of Hearts","7/7/17"
"Once Upon a Time: Season 2: Into the Deep","7/7/17"
"Once Upon a Time: Season 2: Child of the Moon","7/7/17"
"Once Upon a Time: Season 2: Tallahassee","7/7/17"
"Once Upon a Time: Season 2: The Doctor","7/7/17"
"Galavant: Season 2: The One True King (To Unite Them All)","6/21/17"
"Galavant: Season 2: Battle of the Three Armies","6/21/17"
"Galavant: Season 2: Do the D‚ÄôDEW","6/21/17"
"Galavant: Season 2: Aw, Hell, the King","6/21/17"
"Galavant: Season 2: World's Best Kiss","6/21/17"
"Arrow: Season 5: What We Leave Behind","6/7/17"
"Arrow: Season 5: Invasion","6/6/17"
"Arrow: Season 5: Vigilante","6/6/17"
"Arrow: Season 5: So It Begins","6/6/17"
"Arrow: Season 5: Human Target","6/5/17"
"Arrow: Season 5: Penance","6/5/17"
"Arrow: Season 5: A Matter of Trust","6/5/17"
"Arrow: Season 5: Recruits","6/5/17"
"Arrow: Season 5: Legacy","6/5/17"
"Pirates of the Caribbean: The Curse of the Black Pearl","6/2/17"
"Parks and Recreation: Season 5: Two Parties","6/2/17"
"Parks and Recreation: Season 5: Ben's Parents","6/2/17"
"Parks and Recreation: Season 6: The Wall","6/1/17"
"Parks and Recreation: Season 6: Anniversaries","6/1/17"
"Parks and Recreation: Season 6: Farmers Market","6/1/17"
"Parks and Recreation: Season 6: New Beginnings","6/1/17"
"Sherlock: Series 4: The Final Problem","6/1/17"
"Parks and Recreation: Season 6: The Cones of Dunshire","6/1/17"
"Parks and Recreation: Season 6: Recall Vote","6/1/17"
"Parks and Recreation: Season 6: Filibuster","6/1/17"
"Parks and Recreation: Season 3: Li'l Sebastian","6/1/17"
"Parks and Recreation: Season 4: The Trial of Leslie Knope","5/31/17"
"Pretty Little Liars: Season 7: Wanted: Dead or Alive","5/30/17"
"Pretty Little Liars: Season 7: The Darkest Knight","5/30/17"
"Pretty Little Liars: Season 4: A is for A-l-i-v-e","5/27/17"
"Pretty Little Liars: Season 4: A LiArs' Guide to Rosewood","5/26/17"
"Pretty Little Liars: Season 3: A dAngerous gAme","5/26/17"
"Pretty Little Liars: Season 3: I'm Your Puppet","5/26/17"
"Pretty Little Liars: Season 3: Will the Circle Be Unbroken?","5/25/17"
"Pretty Little Liars: Season 3: Out of Sight, Out of Mind","5/25/17"
"Pretty Little Liars: Season 3: Hot Water","5/25/17"
"Pretty Little Liars: Season 3: What Becomes of the Broken-Hearted?","5/25/17"
"Pretty Little Liars: Season 3: Dead to Me","5/25/17"
"Pretty Little Liars: Season 3: Out of the Frying Pan, Into the Inferno","5/25/17"
"Pretty Little Liars: Season 3: Misery Loves Company","5/24/17"
"Pretty Little Liars: Season 3: Mona-Mania","5/24/17"
"Pretty Little Liars: Season 3: She's Better Now","5/24/17"
"Pretty Little Liars: Season 3: This Is a Dark Ride","5/24/17"
"Pretty Little Liars: Season 3: The Lady Killer","5/24/17"
"Pretty Little Liars: Season 3: Single Fright Female","5/24/17"
"Pretty Little Liars: Season 3: What Lies Beneath","5/24/17"
"Pretty Little Liars: Season 3: The Kahn Game","5/24/17"
"Pretty Little Liars: Season 3: Stolen Kisses","5/24/17"
"Pretty Little Liars: Season 3: Crazy","5/23/17"
"Pretty Little Liars: Season 3: The Remains of the A","5/23/17"
"Pretty Little Liars: Season 3: That Girl Is Poison","5/23/17"
"Pretty Little Liars: Season 3: Birds of a Feather","5/23/17"
"Pretty Little Liars: Season 3: Kingdom of the Blind","5/23/17"
"Pretty Little Liars: Season 3: Blood Is the New Black","5/23/17"
"Pretty Little Liars: Season 3: It Happened 'That Night'","5/22/17"
"Pretty Little Liars: Season 2: unmAsked","5/22/17"
"Pretty Little Liars: Season 2: If These Dolls Could Talk","5/22/17"
"Pretty Little Liars: Season 2: Eye of the Beholder","5/22/17"
"Pretty Little Liars: Season 2: Father Knows Best","5/22/17"
"Pretty Little Liars: Season 2: Breaking the Code","5/22/17"
"Pretty Little Liars: Season 2: Ctrl: A","5/22/17"
"Pretty Little Liars: Season 2: The Naked Truth","5/22/17"
"Pretty Little Liars: Season 2: A Kiss Before Lying","5/22/17"
"Pretty Little Liars: Season 2: The Blonde Leading the Blind","5/21/17"
"Pretty Little Liars: Season 2: Let the Water Hold Me Down","5/21/17"
"Pretty Little Liars: Season 2: A Hot Piece of A","5/21/17"
"Pretty Little Liars: Season 2: Through Many Dangers, Toils and Snares","5/21/17"
"Pretty Little Liars: Season 2: The First Secret","5/21/17"
"Pretty Little Liars: Season 2: Over My Dead Body","5/21/17"
"Pretty Little Liars: Season 2: I Must Confess","5/21/17"
"Pretty Little Liars: Season 2: Touched by an A-ngel","5/21/17"
"Pretty Little Liars: Season 2: Picture This","5/21/17"
"Pretty Little Liars: Season 2: Save the Date","5/20/17"
"Pretty Little Liars: Season 2: Surface Tension","5/20/17"
"Pretty Little Liars: Season 2: Never Letting Go","5/20/17"
"Pretty Little Liars: Season 2: The Devil You Know","5/19/17"
"Pretty Little Liars: Season 2: Blind Dates","5/19/17"
"Pretty Little Liars: Season 2: My Name Is Trouble","5/18/17"
"Pretty Little Liars: Season 2: The Good-bye Look","5/18/17"
"Pretty Little Liars: Season 2: It's Alive","5/18/17"
"Pretty Little Liars: Season 1: For Whom the Bell Tolls","5/17/17"
"Pretty Little Liars: Season 1: Monsters in the End","5/17/17"
"Pretty Little Liars: Season 1: Someone to Watch Over Me","5/17/17"
"Pretty Little Liars: Season 1: A Person of Interest","5/17/17"
"Pretty Little Liars: Season 1: The Badass Seed","5/17/17"
"Pretty Little Liars: Season 1: The New Normal","5/17/17"
"Pretty Little Liars: Season 1: Je Suis Une Amie","5/17/17"
"Pretty Little Liars: Season 1: If at First You Don't Succeed, Lie, Lie Again","5/16/17"
"Pretty Little Liars: Season 1: Careful What U Wish 4","5/16/17"
"Pretty Little Liars: Season 1: Know Your Frenemies","5/16/17"
"Pretty Little Liars: Season 1: Salt Meets Wound","5/16/17"
"Pretty Little Liars: Season 1: Moments Later","5/15/17"
"Pretty Little Liars: Season 1: Keep Your Friends Close","5/15/17"
"Pretty Little Liars: Season 1: The Perfect Storm","5/15/17"
"Pretty Little Liars: Season 1: Please, Do Talk About Me When I'm Gone","5/13/17"
"Pretty Little Liars: Season 1: The Homecoming Hangover","5/13/17"
"Pretty Little Liars: Season 1: There's No Place Like Homecoming","5/13/17"
"Pretty Little Liars: Season 1: Reality Bites Me","5/12/17"
"Pretty Little Liars: Season 1: Can You Hear Me Now?","5/12/17"
"Pretty Little Liars: Season 1: To Kill a Mocking Girl","5/12/17"
"Pretty Little Liars: Season 1: The Jenna Thing","5/11/17"
"Pretty Little Liars: Season 1: Pilot","5/11/17"
"The Fosters: Season 1: Pilot","5/11/17"
"Bones: Season 6: The Body and the Bounty","5/10/17"
"Bones: Season 6: The Maggots in the Meathead","5/10/17"
"How I Met Your Mother: Season 1: Belly Full of Turkey","5/10/17"
"How I Met Your Mother: Season 1: The Duel","5/9/17"
"How I Met Your Mother: Season 1: Matchmaker","5/9/17"
"How I Met Your Mother: Season 1: The Slutty Pumpkin","5/8/17"
"How I Met Your Mother: Season 1: Okay Awesome","5/8/17"
"Parks and Recreation: Season 4: Smallest Park","5/8/17"
"Parks and Recreation: Season 4: Citizen Knope","5/8/17"
"Parks and Recreation: Season 3: Road Trip","5/8/17"
"How I Met Your Mother: Season 1: Return of the Shirt","5/8/17"
"How I Met Your Mother: Season 1: The Sweet Taste of Liberty","5/8/17"
"How I Met Your Mother: Season 1: Purple Giraffe","5/8/17"
"How I Met Your Mother: Season 1: Pilot","5/8/17"
"Parks and Recreation: Season 7: One Last Ride","5/7/17"
"Parks and Recreation: Season 7: Two Funerals","5/7/17"
"Parks and Recreation: Season 7: The Johnny Karate Super Awesome Musical Explosion Show","5/7/17"
"Parks and Recreation: Season 7: Pie-Mary","5/7/17"
"Parks and Recreation: Season 7: Ms. Ludgate-Dwyer Goes to Washington","5/7/17"
"Parks and Recreation: Season 7: William Henry Harrison","5/7/17"
"Parks and Recreation: Season 7: Ron & Jammy","5/7/17"
"Parks and Recreation: Season 7: 2017","5/7/17"
"Parks and Recreation: Season 6: Prom","5/5/17"
"Parks and Recreation: Season 6: Galentine's Day","5/5/17"
"Parks and Recreation: Season 6: New Slogan","5/5/17"
"Parks and Recreation: Season 6: Ann and Chris","5/4/17"
"Parks and Recreation: Season 6: Second Chunce","5/4/17"
"Parks and Recreation: Season 6: Fluoride","5/4/17"
"Parks and Recreation: Season 6: Gin It Up!","5/3/17"
"Parks and Recreation: Season 6: Doppelg√§ngers","5/3/17"
"Parks and Recreation: Season 6: London: Parts 1 & 2","5/3/17"
"Parks and Recreation: Season 5: Are You Better Off?","5/3/17"
"Parks and Recreation: Season 5: Swing Vote","5/3/17"
"Parks and Recreation: Season 5: Bailout","5/3/17"
"Parks and Recreation: Season 5: How a Bill Becomes a Law","5/2/17"
"Parks and Recreation: Season 4: Win, Lose, or Draw","5/2/17"
"Parks and Recreation: Season 4: Bus Tour","5/2/17"
"Parks and Recreation: Season 4: Campaign Shake-Up","5/1/17"
"Parks and Recreation: Season 4: Sweet Sixteen","5/1/17"
"Parks and Recreation: Season 4: The Treaty","5/1/17"
"Parks and Recreation: Season 4: Meet 'n' Greet","5/1/17"
"Parks and Recreation: Season 4: Pawnee Rangers","5/1/17"
"Parks and Recreation: Season 4: Born & Raised","4/30/17"
"Parks and Recreation: Season 4: Ron and Tammys","4/30/17"
"Parks and Recreation: Season 4: I'm Leslie Knope","4/30/17"
"Parks and Recreation: Season 3: The Fight","4/29/17"
"Parks and Recreation: Season 3: Eagleton","4/29/17"
"Parks and Recreation: Season 3: Jerry's Painting","4/29/17"
"Parks and Recreation: Season 3: Soulmates","4/29/17"
"Parks and Recreation: Season 3: Andy and April's Fancy Party","4/29/17"
"Parks and Recreation: Season 3: Camping","4/28/17"
"Parks and Recreation: Season 3: Harvest Festival","4/28/17"
"Parks and Recreation: Season 3: Indianapolis","4/27/17"
"Parks and Recreation: Season 3: Media Blitz","4/27/17"
"Parks and Recreation: Season 3: Go Big or Go Home","4/26/17"
"Parks and Recreation: Season 2: Freddy Spaghetti","4/26/17"
"Parks and Recreation: Season 2: The Master Plan","4/25/17"
"Parks and Recreation: Season 2: Telethon","4/25/17"
"Parks and Recreation: Season 2: 94 Meetings","4/25/17"
"Parks and Recreation: Season 2: Summer Catalog","4/25/17"
"Parks and Recreation: Season 2: Park Safety","4/25/17"
"Parks and Recreation: Season 2: The Possum","4/25/17"
"Parks and Recreation: Season 2: Woman of the Year","4/25/17"
"Parks and Recreation: Season 2: Galentine's Day","4/24/17"
"Parks and Recreation: Season 2: Sweetums","4/24/17"
"Parks and Recreation: Season 2: Leslie's House","4/24/17"
"Parks and Recreation: Season 2: The Set-Up","4/24/17"
"Parks and Recreation: Season 2: Christmas Scandal","4/24/17"
"Parks and Recreation: Season 2: Tom's Divorce","4/24/17"
"Parks and Recreation: Season 2: Hunting Trip","4/23/17"
"Parks and Recreation: Season 2: The Camel","4/23/17"
"Parks and Recreation: Season 2: Ron and Tammy","4/23/17"
"Parks and Recreation: Season 2: Greg Pikitis","4/23/17"
"Parks and Recreation: Season 2: Sister City","4/23/17"
"Parks and Recreation: Season 2: Practice Date","4/20/17"
"Parks and Recreation: Season 2: Beauty Pageant","4/20/17"
"Parks and Recreation: Season 2: The Stakeout","4/19/17"
"Parks and Recreation: Season 2: Pawnee Zoo","4/19/17"
"Parks and Recreation: Season 1: Rock Show","4/19/17"
"Parks and Recreation: Season 1: The Banquet","4/19/17"
"Parks and Recreation: Season 1: Boys' Club","4/19/17"
"Parks and Recreation: Season 1: The Reporter","4/19/17"
"Parks and Recreation: Season 1: Canvassing","4/18/17"
"Parks and Recreation: Season 1: Pilot","4/18/17"
"Mystery Science Theater 3000: The Return: Carnival Magic","4/18/17"
"Mystery Science Theater 3000: The Return: Reptilicus","4/18/17"
"Supernatural: Season 1: Dead in the Water","4/4/17"
"Jim Gaffigan: King Baby","4/4/17"
"Marvel's Iron Fist: Season 1: Snow Gives Way","4/4/17"
"Mystery Science Theater 3000 Collection : Classic: Collection 1: Manos: The Hands of Fate","4/2/17"
"Mystery Science Theater 3000 Collection : Classic: Collection 1: Catalina Caper","4/2/17"
"Supernatural: Season 1: Wendigo","3/24/17"
"Supernatural: Season 1: Pilot","3/22/17"
"Once Upon a Time: Season 5: An Untold Story","3/19/17"
"Once Upon a Time: Season 5: Only You","3/19/17"
"Once Upon a Time: Season 5: Our Decay","3/15/17"
"The Parent Trap","3/13/17"
"Arrow: Season 4: Schism","3/12/17"
"Arrow: Season 4: Lost in the Flood","3/12/17"
"Arrow: Season 4: Monument Point","3/10/17"
"Arrow: Season 4: Genesis","3/8/17"
"Arrow: Season 4: Canary Cry","3/6/17"
"Arrow: Season 4: Eleven-Fifty-Nine","3/6/17"
"Arrow: Season 4: Beacon of Hope","3/6/17"
"Arrow: Season 4: Broken Hearts","3/5/17"
"Arrow: Season 4: Taken","3/5/17"
"Arrow: Season 4: Code of Silence","3/5/17"
"Arrow: Season 4: Sins of the Father","2/26/17"
"Arrow: Season 4: Unchained","2/26/17"
"Arrow: Season 4: A.W.O.L.","2/26/17"
"Arrow: Season 4: Blood Debts","2/25/17"
"Arrow: Season 4: Dark Waters","2/24/17"
"Arrow: Season 4: Legends of Yesterday","2/23/17"
"Arrow: Season 4: Brotherhood","2/23/17"
"Arrow: Season 4: Lost Souls","2/22/17"
"Arrow: Season 4: Haunted","2/22/17"
"Arrow: Season 4: Beyond Redemption","2/22/17"
"Arrow: Season 4: Restoration","2/20/17"
"Arrow: Season 4: The Candidate","2/20/17"
"Arrow: Season 4: Green Arrow","2/19/17"
"Arrow: Season 3: My Name is Oliver Queen","2/19/17"
"Arrow: Season 3: This Is Your Sword","2/19/17"
"Arrow: Season 3: Al Sah-him","2/19/17"
"Arrow: Season 3: Broken Arrow","2/19/17"
"Arrow: Season 3: Public Enemy","2/19/17"
"Arrow: Season 3: Suicidal Tendencies","2/13/17"
"Arrow: Season 3: The Offer","2/13/17"
"Arrow: Season 3: Nanda Parbat","2/12/17"
"Arrow: Season 3: The Return","2/12/17"
"Arrow: Season 3: Canaries","2/12/17"
"Arrow: Season 3: Uprising","2/10/17"
"Arrow: Season 3: Midnight City","2/10/17"
"Arrow: Season 3: Left Behind","2/10/17"
"Arrow: Season 3: The Climb","2/10/17"
"Arrow: Season 3: The Brave and the Bold","2/10/17"
"Arrow: Season 3: Draw Back Your Bow","2/10/17"
"Arrow: Season 3: Guilty","2/9/17"
"Arrow: Season 3: The Secret Origin of Felicity Smoak","2/9/17"
"Arrow: Season 3: The Magician","2/8/17"
"Arrow: Season 3: Corto Maltese","2/7/17"
"Arrow: Season 3: Sara","2/7/17"
"Arrow: Season 3: The Calm","2/7/17"
"Arrow: Season 2: Unthinkable","2/6/17"
"Arrow: Season 2: Streets of Fire","2/6/17"
"Arrow: Season 2: City of Blood","2/6/17"
"Arrow: Season 2: Seeing Red","2/6/17"
"A Series of Unfortunate Events: Season 1: The Miserable Mill: Part Two","2/4/17"
"A Series of Unfortunate Events: Season 1: The Miserable Mill: Part One","2/4/17"
"A Series of Unfortunate Events: Season 1: The Wide Window: Part Two","2/4/17"
"A Series of Unfortunate Events: Season 1: The Bad Beginning: Part Two","2/3/17"
"A Series of Unfortunate Events: Season 1: The Bad Beginning: Part One","2/3/17"
"Arrow: Season 2: The Man Under the Hood","1/30/17"
"Arrow: Season 2: Deathstroke","1/30/17"
"Arrow: Season 2: Birds of Prey","1/29/17"
"Arrow: Season 2: Suicide Squad","1/28/17"
"Arrow: Season 2: The Promise","1/28/17"
"Arrow: Season 2: Time of Death","1/27/17"
"Arrow: Season 2: Heir to the Demon","1/27/17"
"Arrow: Season 2: Tremors","1/27/17"
"Arrow: Season 2: Blind Spot","1/27/17"
"Arrow: Season 2: Blast Radius","1/26/17"
"Arrow: Season 2: Three Ghosts","1/26/17"
"Arrow: Season 2: The Scientist","1/25/17"
"Arrow: Season 2: State v. Queen","1/25/17"
"Arrow: Season 2: Keep Your Enemies Closer","1/25/17"
"Arrow: Season 2: League of Assassins","1/23/17"
"Arrow: Season 2: Crucible","1/23/17"
"Arrow: Season 2: Broken Dolls","1/23/17"
"Arrow: Season 2: Identity","1/23/17"
"Arrow: Season 2: City of Heroes","1/23/17"
"Arrow: Season 1: Sacrifice","1/23/17"
"Arrow: Season 1: Darkness on the Edge of Town","1/23/17"
"Arrow: Season 1: The Undertaking","1/23/17"
"Arrow: Season 1: Home Invasion","1/23/17"
"Arrow: Season 1: Unfinished Business","1/22/17"
"Arrow: Season 1: Salvation","1/22/17"
"Arrow: Season 1: The Huntress Returns","1/22/17"
"Arrow: Season 1: Dead to Rights","1/22/17"
"Arrow: Season 1: Dodger","1/22/17"
"Arrow: Season 1: The Odyssey","1/22/17"
"Arrow: Season 1: Betrayal","1/22/17"
"Arrow: Season 1: Vertigo","1/22/17"
"Arrow: Season 1: Trust but Verify","1/18/17"
"Arrow: Season 1: Burned","1/18/17"
"Arrow: Season 1: Year's End","1/18/17"
"Arrow: Season 1: Vendetta","1/18/17"
"Arrow: Season 1: Muse of Fire","1/18/17"
"Arrow: Season 1: Legacies","1/17/17"
"Arrow: Season 1: Damaged","1/17/17"
"Arrow: Season 1: An Innocent Man","1/16/17"
"Arrow: Season 1: Lone Gunmen","1/16/17"
"Arrow: Season 1: Honor Thy Father","1/16/17"
"Arrow: Season 1: Pilot","1/16/17"
"Phineas and Ferb: Season 4: Thanks But No Thanks/ Troy Story","9/24/16"
"Zootopia","9/24/16"
"Phineas and Ferb: Season 4: Phineas And Ferb: Mission Marvel Part I (Part 1 Of 2)","8/11/16"
"Phineas and Ferb: Season 4: La Candace-Cabra/ Happy Birthday, Isabella","8/11/16"
"The Importance of Being Earnest","4/17/16"
"Pride & Prejudice","3/24/16"
"Marvel's Daredevil: Season 1: Shadows in the Glass","11/20/15"
"Marvel's Daredevil: Season 1: Stick","11/20/15"
"Marvel's Daredevil: Season 1: Condemned","11/20/15"
"Fringe: Season 4: Letters of Transit","11/18/15"
"Fringe: Season 4: The Consultant","11/9/15"
"Fringe: Season 4: Everything in its Right Place","11/9/15"
"Fringe: Season 4: Nothing as It Seems","11/9/15"
"Fringe: Season 5: In Absentia","11/3/15"
"Fringe: Season 4: A Short Story About Love","11/3/15"
"Fringe: Season 4: The End of All Things","11/3/15"
"Fringe: Season 4: A Better Human Being","11/3/15"
"Fringe: Season 4: Welcome to Westfield","11/3/15"
"Fringe: Season 4: Making Angels","11/2/15"
"Fringe: Season 4: Forced Perspective","11/2/15"
"Fringe: Season 4: Enemy of My Enemy","10/29/15"
"Fringe: Season 4: Back to Where You've Never Been","10/29/15"
"Fringe: Season 4: Wallflower","10/27/15"
"Fringe: Season 4: And Those We've Left Behind","10/27/15"
"Fringe: Season 4: Novation","10/27/15"
"Fringe: Season 4: Alone in the World","10/20/15"
"Fringe: Season 4: One Night in October","10/20/15"
"Fringe: Season 4: Neither Here Nor There","10/19/15"
"Doctor Who: Season 8: Into the Dalek","9/18/15"
"Doctor Who: Season 4: The Unicorn and the Wasp","5/18/14"
"Phineas and Ferb: Season 1: Jerk De Soleil / Toy to the World","4/21/14"
"Supernatural: Season 6: Live Free or Twi-hard","4/2/14"
"Supernatural: Season 6: Weekend at Bobby's","3/23/14"
"Supernatural: Season 5: Two Minutes to Midnight","3/14/14"
"Supernatural: Season 5: Swan Song","3/12/14"
"Doctor Who: Season 4: Partners in Crime","3/12/14"
